"Group","Mouse","Tumor","ID","Day","Volume","death","last_day_obs","sac_day","Baseline","Drug1","Drug2"
"Vehicle","980","R","980:R",-1,107.45865,0,35,NA,107.45865,0,0
"Vehicle","980","L","980:L",-1,479.575978466667,0,35,NA,479.575978466667,0,0
"Vehicle","973","R","973:R",-1,457.92251544,0,35,NA,457.92251544,0,0
"Vehicle","973","L","973:L",-1,157.817708333333,0,35,NA,157.817708333333,0,0
"Vehicle","955","R","955:R",-1,128.680331626667,1,19,22,128.680331626667,0,0
"Vehicle","955","L","955:L",-1,1674.53775292,0,19,22,1674.53775292,0,0
"Vehicle","992","R","992:R",-1,59.49570264,0,35,NA,59.49570264,0,0
"Vehicle","992","L","992:L",-1,112.06776808,0,35,NA,112.06776808,0,0
"Vehicle","982","R","982:R",-1,154.981203463333,0,35,NA,154.981203463333,0,0
"Vehicle","982","L","982:L",-1,147.801841,0,35,NA,147.801841,0,0
"Vehicle","951","R","951:R",-1,348.738657333333,0,19,22,348.738657333333,0,0
"Vehicle","951","L","951:L",-1,127.43078328,1,19,22,127.43078328,0,0
"Vehicle","953","R","953:R",-1,1061.36940266667,0,35,NA,1061.36940266667,0,0
"Vehicle","953","L","953:L",-1,649.117732973333,0,35,NA,649.117732973333,0,0
"Vehicle","966","R","966:R",-1,352.018858333333,1,19,22,352.018858333333,0,0
"Vehicle","966","L","966:L",-1,703.64494872,0,19,22,703.64494872,0,0
"Vehicle","986","R","986:R",-1,152.70590556,0,35,NA,152.70590556,0,0
"Vehicle","986","L","986:L",-1,380.094404266667,0,35,NA,380.094404266667,0,0
"JQ1","970","R","970:R",-1,86.407776,0,35,NA,86.407776,1,0
"JQ1","970","L","970:L",-1,168.77957184,0,35,NA,168.77957184,1,0
"JQ1","935","R","935:R",-1,341.963113,0,35,NA,341.963113,1,0
"JQ1","935","L","935:L",-1,190.972599906667,0,35,NA,190.972599906667,1,0
"JQ1","934 (dead)","R","934 (dead):R",-1,281.946570186667,0,3,6,281.946570186667,1,0
"JQ1","934 (dead)","L","934 (dead):L",-1,746.931628053333,1,3,6,746.931628053333,1,0
"JQ1","977","R","977:R",-1,458.270266253333,0,19,22,458.270266253333,1,0
"JQ1","977","L","977:L",-1,53.9234753866667,1,19,22,53.9234753866667,1,0
"JQ1","961","R","961:R",-1,63.82340136,0,35,NA,63.82340136,1,0
"JQ1","961","L","961:L",-1,749.15541792,0,35,NA,749.15541792,1,0
"JQ1","936","R","936:R",-1,617.455814583333,1,19,22,617.455814583333,1,0
"JQ1","936","L","936:L",-1,989.36038136,0,19,22,989.36038136,1,0
"JQ1","971","R","971:R",-1,105.65027376,0,35,NA,105.65027376,1,0
"JQ1","971","L","971:L",-1,1559.76859050667,0,35,NA,1559.76859050667,1,0
"JQ1","952","R","952:R",-1,1761.34583025,1,19,22,1761.34583025,1,0
"JQ1","952","L","952:L",-1,864.85112316,0,19,22,864.85112316,1,0
"JQ1","958","R","958:R",-1,107.9689,0,35,NA,107.9689,1,0
"JQ1","958","L","958:L",-1,267.21445059,0,35,NA,267.21445059,1,0
"XRT","837","R","837:R",-1,1131.9072,0,19,22,1131.9072,0,1
"XRT","837","L","837:L",-1,222.129984666667,1,19,22,222.129984666667,0,1
"XRT","976","R","976:R",-1,89.6208333333333,0,35,NA,89.6208333333333,0,1
"XRT","976","L","976:L",-1,218.524614163333,0,35,NA,218.524614163333,0,1
"XRT","960","R","960:R",-1,282.27401776,1,19,22,282.27401776,0,1
"XRT","960","L","960:L",-1,56.3806802933333,0,19,22,56.3806802933333,0,1
"XRT","979","R","979:R",-1,388.87770856,0,35,NA,388.87770856,0,1
"XRT","979","L","979:L",-1,224.557058133333,0,35,NA,224.557058133333,0,1
"XRT","998","R","998:R",-1,800.514922643333,0,35,NA,800.514922643333,0,1
"XRT","998","L","998:L",-1,622.253813083333,0,35,NA,622.253813083333,0,1
"XRT","974","R","974:R",-1,244.11010608,0,35,NA,244.11010608,0,1
"XRT","974","L","974:L",-1,865.29655728,0,35,NA,865.29655728,0,1
"XRT","968","R","968:R",-1,70.5191666666667,0,35,NA,70.5191666666667,0,1
"XRT","968","L","968:L",-1,1512.72824004,0,35,NA,1512.72824004,0,1
"XRT","997","R","997:R",-1,468.35549985,0,35,NA,468.35549985,0,1
"XRT","997","L","997:L",-1,748.341703666667,0,35,NA,748.341703666667,0,1
"XRT","969","R","969:R",-1,251.632692,1,19,22,251.632692,0,1
"XRT","969","L","969:L",-1,897.232297276666,0,19,22,897.232297276666,0,1
"JQ1+ XRT","991","R","991:R",-1,31.82705256,0,35,NA,31.82705256,1,1
"JQ1+ XRT","991","L","991:L",-1,147.9949824,0,35,NA,147.9949824,1,1
"JQ1+ XRT","965","R","965:R",-1,686.60025,0,35,NA,686.60025,1,1
"JQ1+ XRT","965","L","965:L",-1,254.7875442,0,35,NA,254.7875442,1,1
"JQ1+ XRT","956","R","956:R",-1,447.55510365,0,35,NA,447.55510365,1,1
"JQ1+ XRT","956","L","956:L",-1,104.202697126667,0,35,NA,104.202697126667,1,1
"JQ1+ XRT","972(no tag)","R","972(no tag):R",-1,533.88599832,0,35,NA,533.88599832,1,1
"JQ1+ XRT","972(no tag)","L","972(no tag):L",-1,645.350384,0,35,NA,645.350384,1,1
"JQ1+ XRT","954","R","954:R",-1,244.669696993333,0,35,NA,244.669696993333,1,1
"JQ1+ XRT","954","L","954:L",-1,896.898580693333,0,35,NA,896.898580693333,1,1
"JQ1+ XRT","999","R","999:R",-1,50.34590592,0,35,NA,50.34590592,1,1
"JQ1+ XRT","999","L","999:L",-1,1422.1688,0,35,NA,1422.1688,1,1
"JQ1+ XRT","847","R","847:R",-1,1020.6803145,0,19,22,1020.6803145,1,1
"JQ1+ XRT","847","L","847:L",-1,418.626876586667,1,19,22,418.626876586667,1,1
"JQ1+ XRT","848","R","848:R",-1,105.65027376,1,19,22,105.65027376,1,1
"JQ1+ XRT","848","L","848:L",-1,1559.76859050667,0,19,22,1559.76859050667,1,1
"JQ1+ XRT","996","R","996:R",-1,39.4867643733333,0,35,NA,39.4867643733333,1,1
"JQ1+ XRT","996","L","996:L",-1,239.263511893333,0,35,NA,239.263511893333,1,1
"JQ1+ XRT","967","R","967:R",-1,152.70590556,0,35,NA,152.70590556,1,1
"JQ1+ XRT","967","L","967:L",-1,380.094404266667,0,35,NA,380.094404266667,1,1
"Vehicle","980","R","980:R",3,145.35626456,0,35,NA,107.45865,0,0
"Vehicle","980","L","980:L",3,824.820670403333,0,35,NA,479.575978466667,0,0
"Vehicle","973","R","973:R",3,535.51317772,0,35,NA,457.92251544,0,0
"Vehicle","973","L","973:L",3,228.68489376,0,35,NA,157.817708333333,0,0
"Vehicle","955","R","955:R",3,205.52249536,1,19,22,128.680331626667,0,0
"Vehicle","955","L","955:L",3,2145.64985615333,0,19,22,1674.53775292,0,0
"Vehicle","992","R","992:R",3,95.91440703,0,35,NA,59.49570264,0,0
"Vehicle","992","L","992:L",3,437.73268596,0,35,NA,112.06776808,0,0
"Vehicle","982","R","982:R",3,176.889585296667,0,35,NA,154.981203463333,0,0
"Vehicle","982","L","982:L",3,196.123091666667,0,35,NA,147.801841,0,0
"Vehicle","951","R","951:R",3,578.283333333333,0,19,22,348.738657333333,0,0
"Vehicle","951","L","951:L",3,215.179228333333,1,19,22,127.43078328,0,0
"Vehicle","953","R","953:R",3,946.097741866667,0,35,NA,1061.36940266667,0,0
"Vehicle","953","L","953:L",3,992.450768313333,0,35,NA,649.117732973333,0,0
"Vehicle","966","R","966:R",3,646.38073575,1,19,22,352.018858333333,0,0
"Vehicle","966","L","966:L",3,1131.412179,0,19,22,703.64494872,0,0
"Vehicle","986","R","986:R",3,164.29363125,0,35,NA,152.70590556,0,0
"Vehicle","986","L","986:L",3,571.122825,0,35,NA,380.094404266667,0,0
"JQ1","970","R","970:R",3,200.470758693333,0,35,NA,86.407776,1,0
"JQ1","970","L","970:L",3,386.254581343333,0,35,NA,168.77957184,1,0
"JQ1","935","R","935:R",3,353.81542608,0,35,NA,341.963113,1,0
"JQ1","935","L","935:L",3,323.03926244,0,35,NA,190.972599906667,1,0
"JQ1","934 (dead)","R","934 (dead):R",3,244.85449646,0,3,6,281.946570186667,1,0
"JQ1","934 (dead)","L","934 (dead):L",3,682.369257523333,1,3,6,746.931628053333,1,0
"JQ1","977","R","977:R",3,1063.723356,0,19,22,458.270266253333,1,0
"JQ1","977","L","977:L",3,85.997535,1,19,22,53.9234753866667,1,0
"JQ1","961","R","961:R",3,34.7766597066667,0,35,NA,63.82340136,1,0
"JQ1","961","L","961:L",3,265.24987034,0,35,NA,749.15541792,1,0
"JQ1","936","R","936:R",3,741.85220496,1,19,22,617.455814583333,1,0
"JQ1","936","L","936:L",3,790.05509856,0,19,22,989.36038136,1,0
"JQ1","971","R","971:R",3,255.13557552,0,35,NA,105.65027376,1,0
"JQ1","971","L","971:L",3,790.05509856,0,35,NA,1559.76859050667,1,0
"JQ1","952","R","952:R",3,3167.50050936,1,19,22,1761.34583025,1,0
"JQ1","952","L","952:L",3,925.99693191,0,19,22,864.85112316,1,0
"JQ1","958","R","958:R",3,316.131762746667,0,35,NA,107.9689,1,0
"JQ1","958","L","958:L",3,558.79497776,0,35,NA,267.21445059,1,0
"XRT","837","R","837:R",3,736.317307073333,0,19,22,1131.9072,0,1
"XRT","837","L","837:L",3,561.0635524,1,19,22,222.129984666667,0,1
"XRT","976","R","976:R",3,146.741909403333,0,35,NA,89.6208333333333,0,1
"XRT","976","L","976:L",3,615.941314083333,0,35,NA,218.524614163333,0,1
"XRT","960","R","960:R",3,426.86714928,1,19,22,282.27401776,0,1
"XRT","960","L","960:L",3,399.14732976,0,19,22,56.3806802933333,0,1
"XRT","979","R","979:R",3,535.35450096,0,35,NA,388.87770856,0,1
"XRT","979","L","979:L",3,511.95984147,0,35,NA,224.557058133333,0,1
"XRT","998","R","998:R",3,832.407422746666,0,35,NA,800.514922643333,0,1
"XRT","998","L","998:L",3,909.36452775,0,35,NA,622.253813083333,0,1
"XRT","974","R","974:R",3,610.854112686667,0,35,NA,244.11010608,0,1
"XRT","974","L","974:L",3,800.04389229,0,35,NA,865.29655728,0,1
"XRT","997","R","997:R",3,750.672875253333,0,35,NA,468.35549985,0,1
"XRT","997","L","997:L",3,1116.22266659333,0,35,NA,748.341703666667,0,1
"JQ1+ XRT","991","R","991:R",3,31.965828,0,35,NA,31.82705256,1,1
"JQ1+ XRT","991","L","991:L",3,341.062489826667,0,35,NA,147.9949824,1,1
"JQ1+ XRT","965","R","965:R",3,44.35212948,0,35,NA,686.60025,1,1
"JQ1+ XRT","965","L","965:L",3,586.959258,0,35,NA,254.7875442,1,1
"JQ1+ XRT","956","R","956:R",3,551.701382826667,0,35,NA,447.55510365,1,1
"JQ1+ XRT","956","L","956:L",3,251.84238591,0,35,NA,104.202697126667,1,1
"JQ1+ XRT","972(no tag)","R","972(no tag):R",3,889.6914936,0,35,NA,533.88599832,1,1
"JQ1+ XRT","972(no tag)","L","972(no tag):L",3,661.575237093333,0,35,NA,645.350384,1,1
"JQ1+ XRT","954","R","954:R",3,273.671985143333,0,35,NA,244.669696993333,1,1
"JQ1+ XRT","954","L","954:L",3,540.932419463333,0,35,NA,896.898580693333,1,1
"JQ1+ XRT","999","R","999:R",3,33.48335232,0,35,NA,50.34590592,1,1
"JQ1+ XRT","999","L","999:L",3,1131.37633066667,0,35,NA,1422.1688,1,1
"JQ1+ XRT","847","R","847:R",3,875.71274112,0,19,22,1020.6803145,1,1
"JQ1+ XRT","847","L","847:L",3,583.21001322,1,19,22,418.626876586667,1,1
"JQ1+ XRT","848","R","848:R",3,875.71274112,1,19,22,105.65027376,1,1
"JQ1+ XRT","848","L","848:L",3,583.21001322,0,19,22,1559.76859050667,1,1
"JQ1+ XRT","996","R","996:R",3,55.8999285,0,35,NA,39.4867643733333,1,1
"JQ1+ XRT","996","L","996:L",3,325.29949881,0,35,NA,239.263511893333,1,1
"JQ1+ XRT","967","R","967:R",3,105.759282,0,35,NA,152.70590556,1,1
"JQ1+ XRT","967","L","967:L",3,248.68406244,0,35,NA,380.094404266667,1,1
"Vehicle","980","R","980:R",6,261.931674293333,0,35,NA,107.45865,0,0
"Vehicle","980","L","980:L",6,528.905284266667,0,35,NA,479.575978466667,0,0
"Vehicle","973","R","973:R",6,489.25400064,0,35,NA,457.92251544,0,0
"Vehicle","973","L","973:L",6,210.36346947,0,35,NA,157.817708333333,0,0
"Vehicle","955","R","955:R",6,247.539446613333,1,19,22,128.680331626667,0,0
"Vehicle","955","L","955:L",6,2485.13667618667,0,19,22,1674.53775292,0,0
"Vehicle","992","R","992:R",6,189.16148768,0,35,NA,59.49570264,0,0
"Vehicle","992","L","992:L",6,676.24434003,0,35,NA,112.06776808,0,0
"Vehicle","982","R","982:R",6,282.079258213333,0,35,NA,154.981203463333,0,0
"Vehicle","982","L","982:L",6,245.18298756,0,35,NA,147.801841,0,0
"Vehicle","951","R","951:R",6,1031.49221056,0,19,22,348.738657333333,0,0
"Vehicle","951","L","951:L",6,270.80576593,1,19,22,127.43078328,0,0
"Vehicle","953","R","953:R",6,745.1015586,0,35,NA,1061.36940266667,0,0
"Vehicle","953","L","953:L",6,841.759896,0,35,NA,649.117732973333,0,0
"Vehicle","966","R","966:R",6,519.670738946667,1,19,22,352.018858333333,0,0
"Vehicle","966","L","966:L",6,1226.68090416667,0,19,22,703.64494872,0,0
"Vehicle","986","R","986:R",6,230.027255273333,0,35,NA,152.70590556,0,0
"Vehicle","986","L","986:L",6,705.40409604,0,35,NA,380.094404266667,0,0
"JQ1","970","R","970:R",6,222.696610226667,0,35,NA,86.407776,1,0
"JQ1","970","L","970:L",6,420.83978112,0,35,NA,168.77957184,1,0
"JQ1","935","R","935:R",6,284.023466666667,0,35,NA,341.963113,1,0
"JQ1","935","L","935:L",6,245.146917333333,0,35,NA,190.972599906667,1,0
"JQ1","934 (dead)","R","934 (dead):R",6,NA,0,3,6,281.946570186667,1,0
"JQ1","934 (dead)","L","934 (dead):L",6,NA,1,3,6,746.931628053333,1,0
"JQ1","977","R","977:R",6,2132.65571242667,0,19,22,458.270266253333,1,0
"JQ1","977","L","977:L",6,43.6843179433333,1,19,22,53.9234753866667,1,0
"JQ1","961","R","961:R",6,49.05960335,0,35,NA,63.82340136,1,0
"JQ1","961","L","961:L",6,403.692844,0,35,NA,749.15541792,1,0
"JQ1","936","R","936:R",6,699.152609333333,1,19,22,617.455814583333,1,0
"JQ1","936","L","936:L",6,770.327648733333,0,19,22,989.36038136,1,0
"JQ1","971","R","971:R",6,217.6926675,0,35,NA,105.65027376,1,0
"JQ1","971","L","971:L",6,621.389829,0,35,NA,1559.76859050667,1,0
"JQ1","952","R","952:R",6,3380.31598965333,1,19,22,1761.34583025,1,0
"JQ1","952","L","952:L",6,1667.62989108,0,19,22,864.85112316,1,0
"JQ1","958","R","958:R",6,378.86455,0,35,NA,107.9689,1,0
"JQ1","958","L","958:L",6,801.8168352,0,35,NA,267.21445059,1,0
"XRT","837","R","837:R",6,1054.98324764,0,19,22,1131.9072,0,1
"XRT","837","L","837:L",6,464.12239991,1,19,22,222.129984666667,0,1
"XRT","976","R","976:R",6,117.30987405,0,35,NA,89.6208333333333,0,1
"XRT","976","L","976:L",6,572.49841975,0,35,NA,218.524614163333,0,1
"XRT","960","R","960:R",6,340.8329014,1,19,22,282.27401776,0,1
"XRT","960","L","960:L",6,416.73104088,0,19,22,56.3806802933333,0,1
"XRT","979","R","979:R",6,562.32466432,0,35,NA,388.87770856,0,1
"XRT","979","L","979:L",6,638.963048333333,0,35,NA,224.557058133333,0,1
"XRT","998","R","998:R",6,813.44184525,0,35,NA,800.514922643333,0,1
"XRT","998","L","998:L",6,745.48439525,0,35,NA,622.253813083333,0,1
"XRT","974","R","974:R",6,565.723333333333,0,35,NA,244.11010608,0,1
"XRT","974","L","974:L",6,509.32827027,0,35,NA,865.29655728,0,1
"XRT","968","R","968:R",6,366.382501546667,0,35,NA,70.5191666666667,0,1
"XRT","968","L","968:L",6,724.600349973333,0,35,NA,1512.72824004,0,1
"XRT","997","R","997:R",6,732.129629326667,0,35,NA,468.35549985,0,1
"XRT","997","L","997:L",6,1112.500116,0,35,NA,748.341703666667,0,1
"XRT","969","R","969:R",6,1161.14830765333,1,19,22,251.632692,0,1
"XRT","969","L","969:L",6,1363.010415,0,19,22,897.232297276666,0,1
"JQ1+ XRT","991","R","991:R",6,19.14330045,0,35,NA,31.82705256,1,1
"JQ1+ XRT","991","L","991:L",6,365.624970266667,0,35,NA,147.9949824,1,1
"JQ1+ XRT","965","R","965:R",6,802.793382526667,0,35,NA,686.60025,1,1
"JQ1+ XRT","965","L","965:L",6,583.65807552,0,35,NA,254.7875442,1,1
"JQ1+ XRT","956","R","956:R",6,170.276784023333,0,35,NA,447.55510365,1,1
"JQ1+ XRT","956","L","956:L",6,366.435331,0,35,NA,104.202697126667,1,1
"JQ1+ XRT","972(no tag)","R","972(no tag):R",6,0,0,35,NA,533.88599832,1,1
"JQ1+ XRT","972(no tag)","L","972(no tag):L",6,0,0,35,NA,645.350384,1,1
"JQ1+ XRT","954","R","954:R",6,190.69739199,0,35,NA,244.669696993333,1,1
"JQ1+ XRT","954","L","954:L",6,641.045483773333,0,35,NA,896.898580693333,1,1
"JQ1+ XRT","999","R","999:R",6,20.6986293233333,0,35,NA,50.34590592,1,1
"JQ1+ XRT","999","L","999:L",6,508.537215303333,0,35,NA,1422.1688,1,1
"JQ1+ XRT","847","R","847:R",6,0,0,19,22,1020.6803145,1,1
"JQ1+ XRT","847","L","847:L",6,0,1,19,22,418.626876586667,1,1
"JQ1+ XRT","848","R","848:R",6,2044.49969328,1,19,22,105.65027376,1,1
"JQ1+ XRT","848","L","848:L",6,103.842774626667,0,19,22,1559.76859050667,1,1
"JQ1+ XRT","996","R","996:R",6,468.03383825,0,35,NA,39.4867643733333,1,1
"JQ1+ XRT","996","L","996:L",6,31.35976404,0,35,NA,239.263511893333,1,1
"JQ1+ XRT","967","R","967:R",6,384.74852064,0,35,NA,152.70590556,1,1
"JQ1+ XRT","967","L","967:L",6,165.090262333333,0,35,NA,380.094404266667,1,1
"Vehicle","980","R","980:R",9,213.184739583333,0,35,NA,107.45865,0,0
"Vehicle","980","L","980:L",9,594.64868311,0,35,NA,479.575978466667,0,0
"Vehicle","973","R","973:R",9,640.985289973333,0,35,NA,457.92251544,0,0
"Vehicle","973","L","973:L",9,292.89035776,0,35,NA,157.817708333333,0,0
"Vehicle","955","R","955:R",9,292.198509,1,19,22,128.680331626667,0,0
"Vehicle","955","L","955:L",9,2829.0792096,0,19,22,1674.53775292,0,0
"Vehicle","992","R","992:R",9,226.108168416667,0,35,NA,59.49570264,0,0
"Vehicle","992","L","992:L",9,2483.82047087333,0,35,NA,112.06776808,0,0
"Vehicle","982","R","982:R",9,335.11737292,0,35,NA,154.981203463333,0,0
"Vehicle","982","L","982:L",9,314.520164026667,0,35,NA,147.801841,0,0
"Vehicle","951","R","951:R",9,1446.24593064,0,19,22,348.738657333333,0,0
"Vehicle","951","L","951:L",9,567.292569266667,1,19,22,127.43078328,0,0
"Vehicle","953","R","953:R",9,1181.87127511667,0,35,NA,1061.36940266667,0,0
"Vehicle","953","L","953:L",9,1029.41088354,0,35,NA,649.117732973333,0,0
"Vehicle","966","R","966:R",9,822.954725926667,1,19,22,352.018858333333,0,0
"Vehicle","966","L","966:L",9,1146.76335116667,0,19,22,703.64494872,0,0
"Vehicle","986","R","986:R",9,321.54732441,0,35,NA,152.70590556,0,0
"Vehicle","986","L","986:L",9,782.76732027,0,35,NA,380.094404266667,0,0
"JQ1","970","R","970:R",9,437.4316416,0,35,NA,86.407776,1,0
"JQ1","970","L","970:L",9,418.59376581,0,35,NA,168.77957184,1,0
"JQ1","935","R","935:R",9,484.90120704,0,35,NA,341.963113,1,0
"JQ1","935","L","935:L",9,767.58058153,0,35,NA,190.972599906667,1,0
"JQ1","934 (dead)","R","934 (dead):R",9,NA,0,3,6,281.946570186667,1,0
"JQ1","934 (dead)","L","934 (dead):L",9,NA,1,3,6,746.931628053333,1,0
"JQ1","977","R","977:R",9,2789.40465229333,0,19,22,458.270266253333,1,0
"JQ1","977","L","977:L",9,77.95241226,1,19,22,53.9234753866667,1,0
"JQ1","961","R","961:R",9,37.7538946666667,0,35,NA,63.82340136,1,0
"JQ1","961","L","961:L",9,378.543694333333,0,35,NA,749.15541792,1,0
"JQ1","936","R","936:R",9,977.81699247,1,19,22,617.455814583333,1,0
"JQ1","936","L","936:L",9,999.108080656667,0,19,22,989.36038136,1,0
"JQ1","971","R","971:R",9,198.11176252,0,35,NA,105.65027376,1,0
"JQ1","971","L","971:L",9,677.486727083333,0,35,NA,1559.76859050667,1,0
"JQ1","952","R","952:R",9,3587.65310619,1,19,22,1761.34583025,1,0
"JQ1","952","L","952:L",9,1652.7738069,0,19,22,864.85112316,1,0
"JQ1","958","R","958:R",9,318.21528358,0,35,NA,107.9689,1,0
"JQ1","958","L","958:L",9,721.274919366666,0,35,NA,267.21445059,1,0
"XRT","837","R","837:R",9,1297.55633366333,0,19,22,1131.9072,0,1
"XRT","837","L","837:L",9,646.38701575,1,19,22,222.129984666667,0,1
"XRT","976","R","976:R",9,299.83798299,0,35,NA,89.6208333333333,0,1
"XRT","976","L","976:L",9,124.58336848,0,35,NA,218.524614163333,0,1
"XRT","960","R","960:R",9,283.871555036667,1,19,22,282.27401776,0,1
"XRT","960","L","960:L",9,648.793102503333,0,19,22,56.3806802933333,0,1
"XRT","979","R","979:R",9,552.3254976,0,35,NA,388.87770856,0,1
"XRT","979","L","979:L",9,816.089906683333,0,35,NA,224.557058133333,0,1
"XRT","998","R","998:R",9,620.942600893334,0,35,NA,800.514922643333,0,1
"XRT","998","L","998:L",9,762.43102863,0,35,NA,622.253813083333,0,1
"XRT","974","R","974:R",9,577.73122661,0,35,NA,244.11010608,0,1
"XRT","974","L","974:L",9,689.926661333333,0,35,NA,865.29655728,0,1
"XRT","968","R","968:R",9,225.986965986667,0,35,NA,70.5191666666667,0,1
"XRT","968","L","968:L",9,780.049685333333,0,35,NA,1512.72824004,0,1
"XRT","997","R","997:R",9,614.801473673333,0,35,NA,468.35549985,0,1
"XRT","997","L","997:L",9,830.177064,0,35,NA,748.341703666667,0,1
"XRT","969","R","969:R",9,490.001136426667,1,19,22,251.632692,0,1
"XRT","969","L","969:L",9,1208.81986092,0,19,22,897.232297276666,0,1
"JQ1+ XRT","991","R","991:R",9,19.14330045,0,35,NA,31.82705256,1,1
"JQ1+ XRT","991","L","991:L",9,365.624970266667,0,35,NA,147.9949824,1,1
"JQ1+ XRT","965","R","965:R",9,802.793382526667,0,35,NA,686.60025,1,1
"JQ1+ XRT","965","L","965:L",9,583.65807552,0,35,NA,254.7875442,1,1
"JQ1+ XRT","956","R","956:R",9,179.808489,0,35,NA,447.55510365,1,1
"JQ1+ XRT","956","L","956:L",9,644.3063811,0,35,NA,104.202697126667,1,1
"JQ1+ XRT","972(no tag)","R","972(no tag):R",9,1076.77326141667,0,35,NA,533.88599832,1,1
"JQ1+ XRT","972(no tag)","L","972(no tag):L",9,369.734297163333,0,35,NA,645.350384,1,1
"JQ1+ XRT","954","R","954:R",9,197.20625403,0,35,NA,244.669696993333,1,1
"JQ1+ XRT","954","L","954:L",9,441.254053613333,0,35,NA,896.898580693333,1,1
"JQ1+ XRT","999","R","999:R",9,21.892865,0,35,NA,50.34590592,1,1
"JQ1+ XRT","999","L","999:L",9,666.512728,0,35,NA,1422.1688,1,1
"JQ1+ XRT","847","R","847:R",9,1165.27828266667,0,19,22,1020.6803145,1,1
"JQ1+ XRT","847","L","847:L",9,477.5810475,1,19,22,418.626876586667,1,1
"JQ1+ XRT","848","R","848:R",9,148.009653003333,1,19,22,105.65027376,1,1
"JQ1+ XRT","848","L","848:L",9,2183.13913150667,0,19,22,1559.76859050667,1,1
"JQ1+ XRT","996","R","996:R",9,47.11256,0,35,NA,39.4867643733333,1,1
"JQ1+ XRT","996","L","996:L",9,359.90348416,0,35,NA,239.263511893333,1,1
"JQ1+ XRT","967","R","967:R",9,236.040467266667,0,35,NA,152.70590556,1,1
"JQ1+ XRT","967","L","967:L",9,345.32911764,0,35,NA,380.094404266667,1,1
"Vehicle","980","R","980:R",12,1281.320018,0,35,NA,107.45865,0,0
"Vehicle","980","L","980:L",12,152.955215803333,0,35,NA,479.575978466667,0,0
"Vehicle","973","R","973:R",12,378.682368246667,0,35,NA,457.92251544,0,0
"Vehicle","973","L","973:L",12,634.38396069,0,35,NA,157.817708333333,0,0
"Vehicle","955","R","955:R",12,2798.04093812333,1,19,22,128.680331626667,0,0
"Vehicle","955","L","955:L",12,338.21628288,0,19,22,1674.53775292,0,0
"Vehicle","992","R","992:R",12,1041.236874,0,35,NA,59.49570264,0,0
"Vehicle","992","L","992:L",12,241.99776528,0,35,NA,112.06776808,0,0
"Vehicle","982","R","982:R",12,221.57551614,0,35,NA,154.981203463333,0,0
"Vehicle","982","L","982:L",12,364.750392346667,0,35,NA,147.801841,0,0
"Vehicle","951","R","951:R",12,691.162853166667,0,19,22,348.738657333333,0,0
"Vehicle","951","L","951:L",12,1272.27244293333,1,19,22,127.43078328,0,0
"Vehicle","953","R","953:R",12,1000.85574552,0,35,NA,1061.36940266667,0,0
"Vehicle","953","L","953:L",12,927.14790048,0,35,NA,649.117732973333,0,0
"Vehicle","966","R","966:R",12,1544.01976141333,1,19,22,352.018858333333,0,0
"Vehicle","966","L","966:L",12,887.63710464,0,19,22,703.64494872,0,0
"Vehicle","986","R","986:R",12,867.78517056,0,35,NA,152.70590556,0,0
"Vehicle","986","L","986:L",12,405.526581496667,0,35,NA,380.094404266667,0,0
"JQ1","970","R","970:R",12,596.051508986667,0,35,NA,86.407776,1,0
"JQ1","970","L","970:L",12,1343.949516,0,35,NA,168.77957184,1,0
"JQ1","935","R","935:R",12,553.016358306667,0,35,NA,341.963113,1,0
"JQ1","935","L","935:L",12,671.317338816667,0,35,NA,190.972599906667,1,0
"JQ1","934 (dead)","R","934 (dead):R",12,NA,0,3,6,281.946570186667,1,0
"JQ1","934 (dead)","L","934 (dead):L",12,NA,1,3,6,746.931628053333,1,0
"JQ1","977","R","977:R",12,127.164483543333,0,19,22,458.270266253333,1,0
"JQ1","977","L","977:L",12,2909.68215552,1,19,22,53.9234753866667,1,0
"JQ1","961","R","961:R",12,407.97710239,0,35,NA,63.82340136,1,0
"JQ1","961","L","961:L",12,56.1650544,0,35,NA,749.15541792,1,0
"JQ1","936","R","936:R",12,1080.60856784,1,19,22,617.455814583333,1,0
"JQ1","936","L","936:L",12,923.9136,0,19,22,989.36038136,1,0
"JQ1","971","R","971:R",12,755.76725469,0,35,NA,105.65027376,1,0
"JQ1","971","L","971:L",12,241.513832666667,0,35,NA,1559.76859050667,1,0
"JQ1","952","R","952:R",12,2133.89777710667,1,19,22,1761.34583025,1,0
"JQ1","952","L","952:L",12,3063.60266175,0,19,22,864.85112316,1,0
"JQ1","958","R","958:R",12,899.303522916667,0,35,NA,107.9689,1,0
"JQ1","958","L","958:L",12,394.42941225,0,35,NA,267.21445059,1,0
"XRT","837","R","837:R",12,311.3241705,0,19,22,1131.9072,0,1
"XRT","837","L","837:L",12,1264.47588364,1,19,22,222.129984666667,0,1
"XRT","976","R","976:R",12,484.35366483,0,35,NA,89.6208333333333,0,1
"XRT","976","L","976:L",12,82.715136,0,35,NA,218.524614163333,0,1
"XRT","960","R","960:R",12,381.51,1,19,22,282.27401776,0,1
"XRT","960","L","960:L",12,241.443821656667,0,19,22,56.3806802933333,0,1
"XRT","979","R","979:R",12,846.8280915,0,35,NA,388.87770856,0,1
"XRT","979","L","979:L",12,515.466506596667,0,35,NA,224.557058133333,0,1
"XRT","998","R","998:R",12,706.38416226,0,35,NA,800.514922643333,0,1
"XRT","998","L","998:L",12,754.408300893333,0,35,NA,622.253813083333,0,1
"XRT","974","R","974:R",12,349.14845664,0,35,NA,244.11010608,0,1
"XRT","974","L","974:L",12,439.88054016,0,35,NA,865.29655728,0,1
"XRT","968","R","968:R",12,365.31905472,0,35,NA,70.5191666666667,0,1
"XRT","968","L","968:L",12,248.932741543333,0,35,NA,1512.72824004,0,1
"XRT","997","R","997:R",12,752.20597188,0,35,NA,468.35549985,0,1
"XRT","997","L","997:L",12,485.356701196667,0,35,NA,748.341703666667,0,1
"XRT","969","R","969:R",12,1265.42088181667,1,19,22,251.632692,0,1
"XRT","969","L","969:L",12,534.28720554,0,19,22,897.232297276666,0,1
"JQ1+ XRT","991","R","991:R",12,232.325954026667,0,35,NA,31.82705256,1,1
"JQ1+ XRT","991","L","991:L",12,20.3833728,0,35,NA,147.9949824,1,1
"JQ1+ XRT","965","R","965:R",12,602.46493125,0,35,NA,686.60025,1,1
"JQ1+ XRT","965","L","965:L",12,491.76201441,0,35,NA,254.7875442,1,1
"JQ1+ XRT","956","R","956:R",12,466.017029333333,0,35,NA,447.55510365,1,1
"JQ1+ XRT","956","L","956:L",12,147.79861308,0,35,NA,104.202697126667,1,1
"JQ1+ XRT","972(no tag)","R","972(no tag):R",12,467.59015625,0,35,NA,533.88599832,1,1
"JQ1+ XRT","972(no tag)","L","972(no tag):L",12,380.997081,0,35,NA,645.350384,1,1
"JQ1+ XRT","954","R","954:R",12,478.6215964,0,35,NA,244.669696993333,1,1
"JQ1+ XRT","954","L","954:L",12,144.90589122,0,35,NA,896.898580693333,1,1
"JQ1+ XRT","999","R","999:R",12,690.807052963333,0,35,NA,50.34590592,1,1
"JQ1+ XRT","999","L","999:L",12,31.8971562,0,35,NA,1422.1688,1,1
"JQ1+ XRT","847","R","847:R",12,406.608648,0,19,22,1020.6803145,1,1
"JQ1+ XRT","847","L","847:L",12,913.884228573333,1,19,22,418.626876586667,1,1
"JQ1+ XRT","848","R","848:R",12,2218.62742773,1,19,22,105.65027376,1,1
"JQ1+ XRT","848","L","848:L",12,153.908565333333,0,19,22,1559.76859050667,1,1
"JQ1+ XRT","996","R","996:R",12,392.45747184,0,35,NA,39.4867643733333,1,1
"JQ1+ XRT","996","L","996:L",12,21.45117376,0,35,NA,239.263511893333,1,1
"JQ1+ XRT","967","R","967:R",12,384.74852064,0,35,NA,152.70590556,1,1
"JQ1+ XRT","967","L","967:L",12,165.090262333333,0,35,NA,380.094404266667,1,1
"Vehicle","980","R","980:R",15,1734.68243285333,0,35,NA,107.45865,0,0
"Vehicle","980","L","980:L",15,174.57422832,0,35,NA,479.575978466667,0,0
"Vehicle","973","R","973:R",15,526.93827575,0,35,NA,457.92251544,0,0
"Vehicle","973","L","973:L",15,715.384565106667,0,35,NA,157.817708333333,0,0
"Vehicle","955","R","955:R",15,3334.20146138333,1,19,22,128.680331626667,0,0
"Vehicle","955","L","955:L",15,449.43670626,0,19,22,1674.53775292,0,0
"Vehicle","992","R","992:R",15,1425.53628672,0,35,NA,59.49570264,0,0
"Vehicle","992","L","992:L",15,283.05457152,0,35,NA,112.06776808,0,0
"Vehicle","982","R","982:R",15,321.703778573333,0,35,NA,154.981203463333,0,0
"Vehicle","982","L","982:L",15,441.21478425,0,35,NA,147.801841,0,0
"Vehicle","951","R","951:R",15,1090.49509491,0,19,22,348.738657333333,0,0
"Vehicle","951","L","951:L",15,1101.72745424,1,19,22,127.43078328,0,0
"Vehicle","953","R","953:R",15,1277.41835657333,0,35,NA,1061.36940266667,0,0
"Vehicle","953","L","953:L",15,1109.35597538667,0,35,NA,649.117732973333,0,0
"Vehicle","966","R","966:R",15,1913.96811237667,1,19,22,352.018858333333,0,0
"Vehicle","966","L","966:L",15,1033.69590442667,0,19,22,703.64494872,0,0
"Vehicle","986","R","986:R",15,925.575019006667,0,35,NA,152.70590556,0,0
"Vehicle","986","L","986:L",15,326.3597622,0,35,NA,380.094404266667,0,0
"JQ1","970","R","970:R",15,799.6327768,0,35,NA,86.407776,1,0
"JQ1","970","L","970:L",15,697.062919446667,0,35,NA,168.77957184,1,0
"JQ1","935","R","935:R",15,822.891631813333,0,35,NA,341.963113,1,0
"JQ1","935","L","935:L",15,1066.732732,0,35,NA,190.972599906667,1,0
"JQ1","934 (dead)","R","934 (dead):R",15,NA,0,3,6,281.946570186667,1,0
"JQ1","934 (dead)","L","934 (dead):L",15,NA,1,3,6,746.931628053333,1,0
"JQ1","977","R","977:R",15,246.14145372,0,19,22,458.270266253333,1,0
"JQ1","977","L","977:L",15,3308.30361901333,1,19,22,53.9234753866667,1,0
"JQ1","961","R","961:R",15,447.36538956,0,35,NA,63.82340136,1,0
"JQ1","961","L","961:L",15,66.0931273333333,0,35,NA,749.15541792,1,0
"JQ1","936","R","936:R",15,1372.37034837,1,19,22,617.455814583333,1,0
"JQ1","936","L","936:L",15,1177.00107964333,0,19,22,989.36038136,1,0
"JQ1","971","R","971:R",15,955.999057813333,0,35,NA,105.65027376,1,0
"JQ1","971","L","971:L",15,405.7888725,0,35,NA,1559.76859050667,1,0
"JQ1","952","R","952:R",15,3499.9616872,1,19,22,1761.34583025,1,0
"JQ1","952","L","952:L",15,2851.03420735,0,19,22,864.85112316,1,0
"JQ1","958","R","958:R",15,981.48524409,0,35,NA,107.9689,1,0
"JQ1","958","L","958:L",15,415.285141006667,0,35,NA,267.21445059,1,0
"XRT","837","R","837:R",15,359.407867083333,0,19,22,1131.9072,0,1
"XRT","837","L","837:L",15,1280.35984891333,1,19,22,222.129984666667,0,1
"XRT","976","R","976:R",15,435.537101666667,0,35,NA,89.6208333333333,0,1
"XRT","976","L","976:L",15,60.436993,0,35,NA,218.524614163333,0,1
"XRT","960","R","960:R",15,468.66168125,1,19,22,282.27401776,0,1
"XRT","960","L","960:L",15,194.1087084,0,19,22,56.3806802933333,0,1
"XRT","979","R","979:R",15,958.9594854,0,35,NA,388.87770856,0,1
"XRT","979","L","979:L",15,379.198483766667,0,35,NA,224.557058133333,0,1
"XRT","998","R","998:R",15,748.347242626667,0,35,NA,800.514922643333,0,1
"XRT","998","L","998:L",15,535.766058666667,0,35,NA,622.253813083333,0,1
"XRT","974","R","974:R",15,505.59380704,0,35,NA,244.11010608,0,1
"XRT","974","L","974:L",15,432.760058453333,0,35,NA,865.29655728,0,1
"XRT","968","R","968:R",15,369.111605333333,0,35,NA,70.5191666666667,0,1
"XRT","968","L","968:L",15,694.948384833333,0,35,NA,1512.72824004,0,1
"XRT","997","R","997:R",15,902.284993213333,0,35,NA,468.35549985,0,1
"XRT","997","L","997:L",15,533.58084684,0,35,NA,748.341703666667,0,1
"XRT","969","R","969:R",15,1242.78076380333,1,19,22,251.632692,0,1
"XRT","969","L","969:L",15,302.348222496667,0,19,22,897.232297276666,0,1
"JQ1+ XRT","991","R","991:R",15,303.71613419,0,35,NA,31.82705256,1,1
"JQ1+ XRT","991","L","991:L",15,22.05546048,0,35,NA,147.9949824,1,1
"JQ1+ XRT","965","R","965:R",15,473.323202266667,0,35,NA,686.60025,1,1
"JQ1+ XRT","965","L","965:L",15,656.53632,0,35,NA,254.7875442,1,1
"JQ1+ XRT","956","R","956:R",15,348.55529808,0,35,NA,447.55510365,1,1
"JQ1+ XRT","956","L","956:L",15,161.83670528,0,35,NA,104.202697126667,1,1
"JQ1+ XRT","972(no tag)","R","972(no tag):R",15,361.723760476667,0,35,NA,533.88599832,1,1
"JQ1+ XRT","972(no tag)","L","972(no tag):L",15,438.175922603333,0,35,NA,645.350384,1,1
"JQ1+ XRT","954","R","954:R",15,689.93389851,0,35,NA,244.669696993333,1,1
"JQ1+ XRT","954","L","954:L",15,194.61477906,0,35,NA,896.898580693333,1,1
"JQ1+ XRT","999","R","999:R",15,1041.59432375,0,35,NA,50.34590592,1,1
"JQ1+ XRT","999","L","999:L",15,52.6547385,0,35,NA,1422.1688,1,1
"JQ1+ XRT","847","R","847:R",15,508.72405734,0,19,22,1020.6803145,1,1
"JQ1+ XRT","847","L","847:L",15,1498.4089734,1,19,22,418.626876586667,1,1
"JQ1+ XRT","848","R","848:R",15,2206.329321,1,19,22,105.65027376,1,1
"JQ1+ XRT","848","L","848:L",15,121.616277813333,0,19,22,1559.76859050667,1,1
"JQ1+ XRT","996","R","996:R",15,229.599612916667,0,35,NA,39.4867643733333,1,1
"JQ1+ XRT","996","L","996:L",15,41.7121231933333,0,35,NA,239.263511893333,1,1
"JQ1+ XRT","967","R","967:R",15,357.9206715,0,35,NA,152.70590556,1,1
"JQ1+ XRT","967","L","967:L",15,144.575585723333,0,35,NA,380.094404266667,1,1
"Vehicle","980","R","980:R",19,2281.68738466667,0,35,NA,107.45865,0,0
"Vehicle","980","L","980:L",19,216.332981036667,0,35,NA,479.575978466667,0,0
"Vehicle","973","R","973:R",19,587.29662117,0,35,NA,457.92251544,0,0
"Vehicle","973","L","973:L",19,1156.6612016,0,35,NA,157.817708333333,0,0
"Vehicle","955","R","955:R",19,3125.12186517,1,19,22,128.680331626667,0,0
"Vehicle","955","L","955:L",19,421.21251953,0,19,22,1674.53775292,0,0
"Vehicle","992","R","992:R",19,1025.30870485333,0,35,NA,59.49570264,0,0
"Vehicle","992","L","992:L",19,261.922720583333,0,35,NA,112.06776808,0,0
"Vehicle","982","R","982:R",19,326.03564669,0,35,NA,154.981203463333,0,0
"Vehicle","982","L","982:L",19,441.001643666667,0,35,NA,147.801841,0,0
"Vehicle","951","R","951:R",19,1777.53222933333,0,19,22,348.738657333333,0,0
"Vehicle","951","L","951:L",19,2521.42840682667,1,19,22,127.43078328,0,0
"Vehicle","953","R","953:R",19,1387.26453645,0,35,NA,1061.36940266667,0,0
"Vehicle","953","L","953:L",19,1440.00759216,0,35,NA,649.117732973333,0,0
"Vehicle","966","R","966:R",19,2522.28026737,1,19,22,352.018858333333,0,0
"Vehicle","966","L","966:L",19,1331.573991,0,19,22,703.64494872,0,0
"Vehicle","986","R","986:R",19,898.80046875,0,35,NA,152.70590556,0,0
"Vehicle","986","L","986:L",19,342.32146236,0,35,NA,380.094404266667,0,0
"JQ1","970","R","970:R",19,1798.13140805333,0,35,NA,86.407776,1,0
"JQ1","970","L","970:L",19,898.48695231,0,35,NA,168.77957184,1,0
"JQ1","935","R","935:R",19,1120.98129525,0,35,NA,341.963113,1,0
"JQ1","935","L","935:L",19,1254.07622666667,0,35,NA,190.972599906667,1,0
"JQ1","934 (dead)","R","934 (dead):R",19,NA,0,3,6,281.946570186667,1,0
"JQ1","934 (dead)","L","934 (dead):L",19,NA,1,3,6,746.931628053333,1,0
"JQ1","977","R","977:R",19,523.27737801,0,19,22,458.270266253333,1,0
"JQ1","977","L","977:L",19,5032.76097575333,1,19,22,53.9234753866667,1,0
"JQ1","961","R","961:R",19,667.32434892,0,35,NA,63.82340136,1,0
"JQ1","961","L","961:L",19,100.01055744,0,35,NA,749.15541792,1,0
"JQ1","936","R","936:R",19,1815.81267269333,1,19,22,617.455814583333,1,0
"JQ1","936","L","936:L",19,1543.21487684,0,19,22,989.36038136,1,0
"JQ1","971","R","971:R",19,1815.48101909,0,35,NA,105.65027376,1,0
"JQ1","971","L","971:L",19,801.93362907,0,35,NA,1559.76859050667,1,0
"JQ1","952","R","952:R",19,5185.43203464,1,19,22,1761.34583025,1,0
"JQ1","952","L","952:L",19,4753.81701225,0,19,22,864.85112316,1,0
"JQ1","958","R","958:R",19,1252.13943541667,0,35,NA,107.9689,1,0
"JQ1","958","L","958:L",19,438.8494458,0,35,NA,267.21445059,1,0
"XRT","837","R","837:R",19,343.428239093333,0,19,22,1131.9072,0,1
"XRT","837","L","837:L",19,1359.43371636,1,19,22,222.129984666667,0,1
"XRT","976","R","976:R",19,313.557879626667,0,35,NA,89.6208333333333,0,1
"XRT","976","L","976:L",19,25.0049577266667,0,35,NA,218.524614163333,0,1
"XRT","960","R","960:R",19,511.38411462,1,19,22,282.27401776,0,1
"XRT","960","L","960:L",19,116.37771795,0,19,22,56.3806802933333,0,1
"XRT","979","R","979:R",19,1658.98093378,0,35,NA,388.87770856,0,1
"XRT","979","L","979:L",19,327.2775528,0,35,NA,224.557058133333,0,1
"XRT","998","R","998:R",19,559.661676373333,0,35,NA,800.514922643333,0,1
"XRT","998","L","998:L",19,454.579893333333,0,35,NA,622.253813083333,0,1
"XRT","974","R","974:R",19,525.4460928,0,35,NA,244.11010608,0,1
"XRT","974","L","974:L",19,216.40679982,0,35,NA,865.29655728,0,1
"XRT","968","R","968:R",19,241.77975822,0,35,NA,70.5191666666667,0,1
"XRT","968","L","968:L",19,402.701127333333,0,35,NA,1512.72824004,0,1
"XRT","997","R","997:R",19,734.64501948,0,35,NA,468.35549985,0,1
"XRT","997","L","997:L",19,404.575916666667,0,35,NA,748.341703666667,0,1
"XRT","969","R","969:R",19,1118.06387572,1,19,22,251.632692,0,1
"XRT","969","L","969:L",19,569.578744653333,0,19,22,897.232297276666,0,1
"JQ1+ XRT","991","R","991:R",19,188.991366666667,0,35,NA,31.82705256,1,1
"JQ1+ XRT","991","L","991:L",19,23.32145196,0,35,NA,147.9949824,1,1
"JQ1+ XRT","965","R","965:R",19,352.215315573333,0,35,NA,686.60025,1,1
"JQ1+ XRT","965","L","965:L",19,431.779175833333,0,35,NA,254.7875442,1,1
"JQ1+ XRT","956","R","956:R",19,626.29902432,0,35,NA,447.55510365,1,1
"JQ1+ XRT","956","L","956:L",19,132.692948093333,0,35,NA,104.202697126667,1,1
"JQ1+ XRT","972(no tag)","R","972(no tag):R",19,388.76015952,0,35,NA,533.88599832,1,1
"JQ1+ XRT","972(no tag)","L","972(no tag):L",19,327.64702404,0,35,NA,645.350384,1,1
"JQ1+ XRT","954","R","954:R",19,794.39280917,0,35,NA,244.669696993333,1,1
"JQ1+ XRT","954","L","954:L",19,246.41556002,0,35,NA,896.898580693333,1,1
"JQ1+ XRT","999","R","999:R",19,489.680320533333,0,35,NA,50.34590592,1,1
"JQ1+ XRT","999","L","999:L",19,74.18544532,0,35,NA,1422.1688,1,1
"JQ1+ XRT","847","R","847:R",19,434.853093486667,0,19,22,1020.6803145,1,1
"JQ1+ XRT","847","L","847:L",19,1479.17385045333,1,19,22,418.626876586667,1,1
"JQ1+ XRT","848","R","848:R",19,2117.79199438333,1,19,22,105.65027376,1,1
"JQ1+ XRT","848","L","848:L",19,125.553657786667,0,19,22,1559.76859050667,1,1
"JQ1+ XRT","996","R","996:R",19,222.841875,0,35,NA,39.4867643733333,1,1
"JQ1+ XRT","996","L","996:L",19,34.8798652266667,0,35,NA,239.263511893333,1,1
"JQ1+ XRT","967","R","967:R",19,292.44457824,0,35,NA,152.70590556,1,1
"JQ1+ XRT","967","L","967:L",19,168.00034944,0,35,NA,380.094404266667,1,1
"Vehicle","980","R","980:R",22,2893.17045924,0,35,NA,107.45865,0,0
"Vehicle","980","L","980:L",22,313.04593455,0,35,NA,479.575978466667,0,0
"Vehicle","973","R","973:R",22,842.380804833333,0,35,NA,457.92251544,0,0
"Vehicle","973","L","973:L",22,1323.36131995333,0,35,NA,157.817708333333,0,0
"Vehicle","955","R","955:R",22,NA,1,19,22,128.680331626667,0,0
"Vehicle","955","L","955:L",22,NA,0,19,22,1674.53775292,0,0
"Vehicle","992","R","992:R",22,1156.81941207,0,35,NA,59.49570264,0,0
"Vehicle","992","L","992:L",22,315.979333016667,0,35,NA,112.06776808,0,0
"Vehicle","982","R","982:R",22,460.113268843333,0,35,NA,154.981203463333,0,0
"Vehicle","982","L","982:L",22,461.001500006667,0,35,NA,147.801841,0,0
"Vehicle","951","R","951:R",22,NA,0,19,22,348.738657333333,0,0
"Vehicle","951","L","951:L",22,NA,1,19,22,127.43078328,0,0
"Vehicle","953","R","953:R",22,1935.27846708,0,35,NA,1061.36940266667,0,0
"Vehicle","953","L","953:L",22,1695.99871092,0,35,NA,649.117732973333,0,0
"Vehicle","966","R","966:R",22,NA,1,19,22,352.018858333333,0,0
"Vehicle","966","L","966:L",22,NA,0,19,22,703.64494872,0,0
"Vehicle","986","R","986:R",22,1162.23720732,0,35,NA,152.70590556,0,0
"Vehicle","986","L","986:L",22,458.49687325,0,35,NA,380.094404266667,0,0
"JQ1","970","R","970:R",22,2308.97540133,0,35,NA,86.407776,1,0
"JQ1","970","L","970:L",22,1034.0064274,0,35,NA,168.77957184,1,0
"JQ1","935","R","935:R",22,1627.37866858667,0,35,NA,341.963113,1,0
"JQ1","935","L","935:L",22,1603.77210672,0,35,NA,190.972599906667,1,0
"JQ1","934 (dead)","R","934 (dead):R",22,NA,0,3,6,281.946570186667,1,0
"JQ1","934 (dead)","L","934 (dead):L",22,NA,1,3,6,746.931628053333,1,0
"JQ1","977","R","977:R",22,NA,0,19,22,458.270266253333,1,0
"JQ1","977","L","977:L",22,NA,1,19,22,53.9234753866667,1,0
"JQ1","961","R","961:R",22,759.553780166667,0,35,NA,63.82340136,1,0
"JQ1","961","L","961:L",22,176.01588396,0,35,NA,749.15541792,1,0
"JQ1","936","R","936:R",22,NA,1,19,22,617.455814583333,1,0
"JQ1","936","L","936:L",22,NA,0,19,22,989.36038136,1,0
"JQ1","971","R","971:R",22,2240.31800608,0,35,NA,105.65027376,1,0
"JQ1","971","L","971:L",22,1025.956692,0,35,NA,1559.76859050667,1,0
"JQ1","952","R","952:R",22,NA,1,19,22,1761.34583025,1,0
"JQ1","952","L","952:L",22,NA,0,19,22,864.85112316,1,0
"JQ1","958","R","958:R",22,1899.35283375,0,35,NA,107.9689,1,0
"JQ1","958","L","958:L",22,536.02731504,0,35,NA,267.21445059,1,0
"XRT","837","R","837:R",22,NA,0,19,22,1131.9072,0,1
"XRT","837","L","837:L",22,NA,1,19,22,222.129984666667,0,1
"XRT","976","R","976:R",22,252.65864304,0,35,NA,89.6208333333333,0,1
"XRT","976","L","976:L",22,17.97538687,0,35,NA,218.524614163333,0,1
"XRT","960","R","960:R",22,NA,1,19,22,282.27401776,0,1
"XRT","960","L","960:L",22,NA,0,19,22,56.3806802933333,0,1
"XRT","979","R","979:R",22,1445.17950657,0,35,NA,388.87770856,0,1
"XRT","979","L","979:L",22,333.56628357,0,35,NA,224.557058133333,0,1
"XRT","998","R","998:R",22,474.13929036,0,35,NA,800.514922643333,0,1
"XRT","998","L","998:L",22,342.120870786667,0,35,NA,622.253813083333,0,1
"XRT","974","R","974:R",22,581.302621266667,0,35,NA,244.11010608,0,1
"XRT","974","L","974:L",22,133.65823224,0,35,NA,865.29655728,0,1
"XRT","968","R","968:R",22,170.324209013333,0,35,NA,70.5191666666667,0,1
"XRT","968","L","968:L",22,321.724970433333,0,35,NA,1512.72824004,0,1
"XRT","997","R","997:R",22,620.165641386667,0,35,NA,468.35549985,0,1
"XRT","997","L","997:L",22,496.211321666667,0,35,NA,748.341703666667,0,1
"XRT","969","R","969:R",22,NA,1,19,22,251.632692,0,1
"XRT","969","L","969:L",22,NA,0,19,22,897.232297276666,0,1
"JQ1+ XRT","991","R","991:R",22,134.20949535,0,35,NA,31.82705256,1,1
"JQ1+ XRT","991","L","991:L",22,20.92941252,0,35,NA,147.9949824,1,1
"JQ1+ XRT","965","R","965:R",22,336.142911573333,0,35,NA,686.60025,1,1
"JQ1+ XRT","965","L","965:L",22,251.05026753,0,35,NA,254.7875442,1,1
"JQ1+ XRT","956","R","956:R",22,459.54350904,0,35,NA,447.55510365,1,1
"JQ1+ XRT","956","L","956:L",22,155.65678336,0,35,NA,104.202697126667,1,1
"JQ1+ XRT","972(no tag)","R","972(no tag):R",22,386.375898906667,0,35,NA,533.88599832,1,1
"JQ1+ XRT","972(no tag)","L","972(no tag):L",22,383.764389166667,0,35,NA,645.350384,1,1
"JQ1+ XRT","954","R","954:R",22,334.368109783333,0,35,NA,244.669696993333,1,1
"JQ1+ XRT","954","L","954:L",22,275.28922278,0,35,NA,896.898580693333,1,1
"JQ1+ XRT","999","R","999:R",22,409.4052576,0,35,NA,50.34590592,1,1
"JQ1+ XRT","999","L","999:L",22,53.0431826666667,0,35,NA,1422.1688,1,1
"JQ1+ XRT","847","R","847:R",22,NA,0,19,22,1020.6803145,1,1
"JQ1+ XRT","847","L","847:L",22,NA,1,19,22,418.626876586667,1,1
"JQ1+ XRT","848","R","848:R",22,NA,1,19,22,105.65027376,1,1
"JQ1+ XRT","848","L","848:L",22,NA,0,19,22,1559.76859050667,1,1
"JQ1+ XRT","996","R","996:R",22,225.85897854,0,35,NA,39.4867643733333,1,1
"JQ1+ XRT","996","L","996:L",22,35.0207130666667,0,35,NA,239.263511893333,1,1
"JQ1+ XRT","967","R","967:R",22,260.54651458,0,35,NA,152.70590556,1,1
"JQ1+ XRT","967","L","967:L",22,160.455248673333,0,35,NA,380.094404266667,1,1
"Vehicle","980","R","980:R",27,3628.39963123667,0,35,NA,107.45865,0,0
"Vehicle","980","L","980:L",27,483.750912,0,35,NA,479.575978466667,0,0
"Vehicle","973","R","973:R",27,1067.29939733333,0,35,NA,457.92251544,0,0
"Vehicle","973","L","973:L",27,947.228215133333,0,35,NA,157.817708333333,0,0
"Vehicle","955","R","955:R",27,NA,1,19,22,128.680331626667,0,0
"Vehicle","955","L","955:L",27,NA,0,19,22,1674.53775292,0,0
"Vehicle","992","R","992:R",27,1348.63785,0,35,NA,59.49570264,0,0
"Vehicle","992","L","992:L",27,371.288358,0,35,NA,112.06776808,0,0
"Vehicle","982","R","982:R",27,669.6265875,0,35,NA,154.981203463333,0,0
"Vehicle","982","L","982:L",27,619.452463653333,0,35,NA,147.801841,0,0
"Vehicle","951","R","951:R",27,NA,0,19,22,348.738657333333,0,0
"Vehicle","951","L","951:L",27,NA,1,19,22,127.43078328,0,0
"Vehicle","953","R","953:R",27,2575.956933,0,35,NA,1061.36940266667,0,0
"Vehicle","953","L","953:L",27,2735.884512,0,35,NA,649.117732973333,0,0
"Vehicle","966","R","966:R",27,NA,1,19,22,352.018858333333,0,0
"Vehicle","966","L","966:L",27,NA,0,19,22,703.64494872,0,0
"Vehicle","986","R","986:R",27,2163.54787970333,0,35,NA,152.70590556,0,0
"Vehicle","986","L","986:L",27,931.385964236667,0,35,NA,380.094404266667,0,0
"JQ1","970","R","970:R",27,2383.11387225,0,35,NA,86.407776,1,0
"JQ1","970","L","970:L",27,1237.40383513,0,35,NA,168.77957184,1,0
"JQ1","935","R","935:R",27,2374.35712712333,0,35,NA,341.963113,1,0
"JQ1","935","L","935:L",27,1915.66898496,0,35,NA,190.972599906667,1,0
"JQ1","934 (dead)","R","934 (dead):R",27,NA,0,3,6,281.946570186667,1,0
"JQ1","934 (dead)","L","934 (dead):L",27,NA,1,3,6,746.931628053333,1,0
"JQ1","977","R","977:R",27,NA,0,19,22,458.270266253333,1,0
"JQ1","977","L","977:L",27,NA,1,19,22,53.9234753866667,1,0
"JQ1","961","R","961:R",27,1203.10956420333,0,35,NA,63.82340136,1,0
"JQ1","961","L","961:L",27,227.797141446667,0,35,NA,749.15541792,1,0
"JQ1","936","R","936:R",27,NA,1,19,22,617.455814583333,1,0
"JQ1","936","L","936:L",27,NA,0,19,22,989.36038136,1,0
"JQ1","971","R","971:R",27,3492.05470876,0,35,NA,105.65027376,1,0
"JQ1","971","L","971:L",27,1912.58860257,0,35,NA,1559.76859050667,1,0
"JQ1","952","R","952:R",27,NA,1,19,22,1761.34583025,1,0
"JQ1","952","L","952:L",27,NA,0,19,22,864.85112316,1,0
"JQ1","958","R","958:R",27,2305.07443122667,0,35,NA,107.9689,1,0
"JQ1","958","L","958:L",27,944.54777088,0,35,NA,267.21445059,1,0
"XRT","837","R","837:R",27,NA,0,19,22,1131.9072,0,1
"XRT","837","L","837:L",27,NA,1,19,22,222.129984666667,0,1
"XRT","976","R","976:R",27,115.064192103333,0,35,NA,89.6208333333333,0,1
"XRT","976","L","976:L",27,0,0,35,NA,218.524614163333,0,1
"XRT","960","R","960:R",27,NA,1,19,22,282.27401776,0,1
"XRT","960","L","960:L",27,NA,0,19,22,56.3806802933333,0,1
"XRT","979","R","979:R",27,1709.61197629667,0,35,NA,388.87770856,0,1
"XRT","979","L","979:L",27,144.06782208,0,35,NA,224.557058133333,0,1
"XRT","998","R","998:R",27,163.554645333333,0,35,NA,800.514922643333,0,1
"XRT","998","L","998:L",27,268.891236756667,0,35,NA,622.253813083333,0,1
"XRT","974","R","974:R",27,139.385856,0,35,NA,244.11010608,0,1
"XRT","974","L","974:L",27,72.67386345,0,35,NA,865.29655728,0,1
"XRT","968","R","968:R",27,175.14930048,0,35,NA,70.5191666666667,0,1
"XRT","968","L","968:L",27,209.031893333333,0,35,NA,1512.72824004,0,1
"XRT","997","R","997:R",27,499.63393161,0,35,NA,468.35549985,0,1
"XRT","997","L","997:L",27,327.21449375,0,35,NA,748.341703666667,0,1
"XRT","969","R","969:R",27,NA,1,19,22,251.632692,0,1
"XRT","969","L","969:L",27,NA,0,19,22,897.232297276666,0,1
"JQ1+ XRT","991","R","991:R",27,127.10157312,0,35,NA,31.82705256,1,1
"JQ1+ XRT","991","L","991:L",27,12.50131968,0,35,NA,147.9949824,1,1
"JQ1+ XRT","965","R","965:R",27,144.417791826667,0,35,NA,686.60025,1,1
"JQ1+ XRT","965","L","965:L",27,382.76287884,0,35,NA,254.7875442,1,1
"JQ1+ XRT","956","R","956:R",27,545.640851556667,0,35,NA,447.55510365,1,1
"JQ1+ XRT","956","L","956:L",27,138.704610496667,0,35,NA,104.202697126667,1,1
"JQ1+ XRT","972(no tag)","R","972(no tag):R",27,372.91879044,0,35,NA,533.88599832,1,1
"JQ1+ XRT","972(no tag)","L","972(no tag):L",27,127.718386346667,0,35,NA,645.350384,1,1
"JQ1+ XRT","954","R","954:R",27,832.07488,0,35,NA,244.669696993333,1,1
"JQ1+ XRT","954","L","954:L",27,137.346040303333,0,35,NA,896.898580693333,1,1
"JQ1+ XRT","999","R","999:R",27,475.78515276,0,35,NA,50.34590592,1,1
"JQ1+ XRT","999","L","999:L",27,42.21837388,0,35,NA,1422.1688,1,1
"JQ1+ XRT","847","R","847:R",27,NA,0,19,22,1020.6803145,1,1
"JQ1+ XRT","847","L","847:L",27,NA,1,19,22,418.626876586667,1,1
"JQ1+ XRT","848","R","848:R",27,NA,1,19,22,105.65027376,1,1
"JQ1+ XRT","848","L","848:L",27,NA,0,19,22,1559.76859050667,1,1
"JQ1+ XRT","996","R","996:R",27,137.664993653333,0,35,NA,39.4867643733333,1,1
"JQ1+ XRT","996","L","996:L",27,37.46573268,0,35,NA,239.263511893333,1,1
"JQ1+ XRT","967","R","967:R",27,277.052013546667,0,35,NA,152.70590556,1,1
"JQ1+ XRT","967","L","967:L",27,119.955117333333,0,35,NA,380.094404266667,1,1
"Vehicle","980","R","980:R",30,4058.25464542333,0,35,NA,107.45865,0,0
"Vehicle","980","L","980:L",30,627.48713752,0,35,NA,479.575978466667,0,0
"Vehicle","973","R","973:R",30,1609.59694488,0,35,NA,457.92251544,0,0
"Vehicle","973","L","973:L",30,1503.82748928,0,35,NA,157.817708333333,0,0
"Vehicle","955","R","955:R",30,NA,1,19,22,128.680331626667,0,0
"Vehicle","955","L","955:L",30,NA,0,19,22,1674.53775292,0,0
"Vehicle","992","R","992:R",30,1249.74256875,0,35,NA,59.49570264,0,0
"Vehicle","992","L","992:L",30,440.68809792,0,35,NA,112.06776808,0,0
"Vehicle","982","R","982:R",30,723.66138112,0,35,NA,154.981203463333,0,0
"Vehicle","982","L","982:L",30,713.778593266667,0,35,NA,147.801841,0,0
"Vehicle","951","R","951:R",30,NA,0,19,22,348.738657333333,0,0
"Vehicle","951","L","951:L",30,NA,1,19,22,127.43078328,0,0
"Vehicle","953","R","953:R",30,2595.86276832,0,35,NA,1061.36940266667,0,0
"Vehicle","953","L","953:L",30,2586.1888899,0,35,NA,649.117732973333,0,0
"Vehicle","966","R","966:R",30,NA,1,19,22,352.018858333333,0,0
"Vehicle","966","L","966:L",30,NA,0,19,22,703.64494872,0,0
"Vehicle","986","R","986:R",30,2355.71750674667,0,35,NA,152.70590556,0,0
"Vehicle","986","L","986:L",30,1335.34708826667,0,35,NA,380.094404266667,0,0
"JQ1","970","R","970:R",30,3481.35680516667,0,35,NA,86.407776,1,0
"JQ1","970","L","970:L",30,1532.09911408333,0,35,NA,168.77957184,1,0
"JQ1","935","R","935:R",30,3045.464334,0,35,NA,341.963113,1,0
"JQ1","935","L","935:L",30,2468.30511438667,0,35,NA,190.972599906667,1,0
"JQ1","934 (dead)","R","934 (dead):R",30,NA,0,3,6,281.946570186667,1,0
"JQ1","934 (dead)","L","934 (dead):L",30,NA,1,3,6,746.931628053333,1,0
"JQ1","977","R","977:R",30,NA,0,19,22,458.270266253333,1,0
"JQ1","977","L","977:L",30,NA,1,19,22,53.9234753866667,1,0
"JQ1","961","R","961:R",30,1263.92174272,0,35,NA,63.82340136,1,0
"JQ1","961","L","961:L",30,214.93978868,0,35,NA,749.15541792,1,0
"JQ1","936","R","936:R",30,NA,1,19,22,617.455814583333,1,0
"JQ1","936","L","936:L",30,NA,0,19,22,989.36038136,1,0
"JQ1","971","R","971:R",30,3647.59100404,0,35,NA,105.65027376,1,0
"JQ1","971","L","971:L",30,1458.7056045,0,35,NA,1559.76859050667,1,0
"JQ1","952","R","952:R",30,NA,1,19,22,1761.34583025,1,0
"JQ1","952","L","952:L",30,NA,0,19,22,864.85112316,1,0
"JQ1","958","R","958:R",30,2732.31995103,0,35,NA,107.9689,1,0
"JQ1","958","L","958:L",30,1182.25465917333,0,35,NA,267.21445059,1,0
"XRT","837","R","837:R",30,NA,0,19,22,1131.9072,0,1
"XRT","837","L","837:L",30,NA,1,19,22,222.129984666667,0,1
"XRT","976","R","976:R",30,126.966528,0,35,NA,89.6208333333333,0,1
"XRT","976","L","976:L",30,0,0,35,NA,218.524614163333,0,1
"XRT","960","R","960:R",30,NA,1,19,22,282.27401776,0,1
"XRT","960","L","960:L",30,NA,0,19,22,56.3806802933333,0,1
"XRT","979","R","979:R",30,1882.71204108,0,35,NA,388.87770856,0,1
"XRT","979","L","979:L",30,141.301806546667,0,35,NA,224.557058133333,0,1
"XRT","998","R","998:R",30,154.99871001,0,35,NA,800.514922643333,0,1
"XRT","998","L","998:L",30,405.980023663333,0,35,NA,622.253813083333,0,1
"XRT","974","R","974:R",30,152.261208293333,0,35,NA,244.11010608,0,1
"XRT","974","L","974:L",30,36.21108288,0,35,NA,865.29655728,0,1
"XRT","968","R","968:R",30,NA,0,35,NA,70.5191666666667,0,1
"XRT","968","L","968:L",30,NA,0,35,NA,1512.72824004,0,1
"XRT","997","R","997:R",30,504.48877824,0,35,NA,468.35549985,0,1
"XRT","997","L","997:L",30,306.19178555,0,35,NA,748.341703666667,0,1
"XRT","969","R","969:R",30,NA,1,19,22,251.632692,0,1
"XRT","969","L","969:L",30,NA,0,19,22,897.232297276666,0,1
"JQ1+ XRT","991","R","991:R",30,96.0344738266667,0,35,NA,31.82705256,1,1
"JQ1+ XRT","991","L","991:L",30,15.1265627333333,0,35,NA,147.9949824,1,1
"JQ1+ XRT","965","R","965:R",30,170.692284,0,35,NA,686.60025,1,1
"JQ1+ XRT","965","L","965:L",30,414.92411532,0,35,NA,254.7875442,1,1
"JQ1+ XRT","956","R","956:R",30,894.59065976,0,35,NA,447.55510365,1,1
"JQ1+ XRT","956","L","956:L",30,111.32269632,0,35,NA,104.202697126667,1,1
"JQ1+ XRT","972(no tag)","R","972(no tag):R",30,396.03320022,0,35,NA,533.88599832,1,1
"JQ1+ XRT","972(no tag)","L","972(no tag):L",30,110.211982026667,0,35,NA,645.350384,1,1
"JQ1+ XRT","954","R","954:R",30,672.77075742,0,35,NA,244.669696993333,1,1
"JQ1+ XRT","954","L","954:L",30,160.26803664,0,35,NA,896.898580693333,1,1
"JQ1+ XRT","999","R","999:R",30,437.70474153,0,35,NA,50.34590592,1,1
"JQ1+ XRT","999","L","999:L",30,42.4795423333333,0,35,NA,1422.1688,1,1
"JQ1+ XRT","847","R","847:R",30,NA,0,19,22,1020.6803145,1,1
"JQ1+ XRT","847","L","847:L",30,NA,1,19,22,418.626876586667,1,1
"JQ1+ XRT","848","R","848:R",30,NA,1,19,22,105.65027376,1,1
"JQ1+ XRT","848","L","848:L",30,NA,0,19,22,1559.76859050667,1,1
"JQ1+ XRT","996","R","996:R",30,181.498253833333,0,35,NA,39.4867643733333,1,1
"JQ1+ XRT","996","L","996:L",30,34.5818666666667,0,35,NA,239.263511893333,1,1
"JQ1+ XRT","967","R","967:R",30,332.69117028,0,35,NA,152.70590556,1,1
"JQ1+ XRT","967","L","967:L",30,148.41387567,0,35,NA,380.094404266667,1,1
"Vehicle","980","R","980:R",35,4275.76090944,0,35,NA,107.45865,0,0
"Vehicle","980","L","980:L",35,659.999530666667,0,35,NA,479.575978466667,0,0
"Vehicle","973","R","973:R",35,1905.6365625,0,35,NA,457.92251544,0,0
"Vehicle","973","L","973:L",35,2007.00280970667,0,35,NA,157.817708333333,0,0
"Vehicle","955","R","955:R",35,NA,1,19,22,128.680331626667,0,0
"Vehicle","955","L","955:L",35,NA,0,19,22,1674.53775292,0,0
"Vehicle","992","R","992:R",35,1801.61975965333,0,35,NA,59.49570264,0,0
"Vehicle","992","L","992:L",35,447.911122083333,0,35,NA,112.06776808,0,0
"Vehicle","982","R","982:R",35,855.2420355,0,35,NA,154.981203463333,0,0
"Vehicle","982","L","982:L",35,874.623906346666,0,35,NA,147.801841,0,0
"Vehicle","951","R","951:R",35,NA,0,19,22,348.738657333333,0,0
"Vehicle","951","L","951:L",35,NA,1,19,22,127.43078328,0,0
"Vehicle","953","R","953:R",35,3464.83167858333,0,35,NA,1061.36940266667,0,0
"Vehicle","953","L","953:L",35,3356.67470619,0,35,NA,649.117732973333,0,0
"Vehicle","966","R","966:R",35,NA,1,19,22,352.018858333333,0,0
"Vehicle","966","L","966:L",35,NA,0,19,22,703.64494872,0,0
"Vehicle","986","R","986:R",35,2356.08019087667,0,35,NA,152.70590556,0,0
"Vehicle","986","L","986:L",35,1785.14088841,0,35,NA,380.094404266667,0,0
"JQ1","970","R","970:R",35,2920.01653608,0,35,NA,86.407776,1,0
"JQ1","970","L","970:L",35,1363.62821628,0,35,NA,168.77957184,1,0
"JQ1","935","R","935:R",35,3332.82781866667,0,35,NA,341.963113,1,0
"JQ1","935","L","935:L",35,1820.93776708667,0,35,NA,190.972599906667,1,0
"JQ1","934 (dead)","R","934 (dead):R",35,NA,0,3,6,281.946570186667,1,0
"JQ1","934 (dead)","L","934 (dead):L",35,NA,1,3,6,746.931628053333,1,0
"JQ1","977","R","977:R",35,NA,0,19,22,458.270266253333,1,0
"JQ1","977","L","977:L",35,NA,1,19,22,53.9234753866667,1,0
"JQ1","961","R","961:R",35,1613.34425856,0,35,NA,63.82340136,1,0
"JQ1","961","L","961:L",35,280.497037333333,0,35,NA,749.15541792,1,0
"JQ1","936","R","936:R",35,NA,1,19,22,617.455814583333,1,0
"JQ1","936","L","936:L",35,NA,0,19,22,989.36038136,1,0
"JQ1","971","R","971:R",35,5663.71839312667,0,35,NA,105.65027376,1,0
"JQ1","971","L","971:L",35,2160.86039033667,0,35,NA,1559.76859050667,1,0
"JQ1","952","R","952:R",35,NA,1,19,22,1761.34583025,1,0
"JQ1","952","L","952:L",35,NA,0,19,22,864.85112316,1,0
"JQ1","958","R","958:R",35,2690.70233189333,0,35,NA,107.9689,1,0
"JQ1","958","L","958:L",35,1088.27149449,0,35,NA,267.21445059,1,0
"XRT","837","R","837:R",35,NA,0,19,22,1131.9072,0,1
"XRT","837","L","837:L",35,NA,1,19,22,222.129984666667,0,1
"XRT","976","R","976:R",35,46.74908616,0,35,NA,89.6208333333333,0,1
"XRT","976","L","976:L",35,0,0,35,NA,218.524614163333,0,1
"XRT","960","R","960:R",35,NA,1,19,22,282.27401776,0,1
"XRT","960","L","960:L",35,NA,0,19,22,56.3806802933333,0,1
"XRT","979","R","979:R",35,3210.01146320667,0,35,NA,388.87770856,0,1
"XRT","979","L","979:L",35,114.62256,0,35,NA,224.557058133333,0,1
"XRT","998","R","998:R",35,237.544270833333,0,35,NA,800.514922643333,0,1
"XRT","998","L","998:L",35,673.71074625,0,35,NA,622.253813083333,0,1
"XRT","974","R","974:R",35,122.391655283333,0,35,NA,244.11010608,0,1
"XRT","974","L","974:L",35,39.5477808533333,0,35,NA,865.29655728,0,1
"XRT","968","R","968:R",35,NA,0,35,NA,70.5191666666667,0,1
"XRT","968","L","968:L",35,NA,0,35,NA,1512.72824004,0,1
"XRT","997","R","997:R",35,531.64278232,0,35,NA,468.35549985,0,1
"XRT","997","L","997:L",35,356.037420913333,0,35,NA,748.341703666667,0,1
"XRT","969","R","969:R",35,NA,1,19,22,251.632692,0,1
"XRT","969","L","969:L",35,NA,0,19,22,897.232297276666,0,1
"JQ1+ XRT","991","R","991:R",35,50.05047588,0,35,NA,31.82705256,1,1
"JQ1+ XRT","991","L","991:L",35,24.39337888,0,35,NA,147.9949824,1,1
"JQ1+ XRT","965","R","965:R",35,88.41636963,0,35,NA,686.60025,1,1
"JQ1+ XRT","965","L","965:L",35,210.59155279,0,35,NA,254.7875442,1,1
"JQ1+ XRT","956","R","956:R",35,1012.99738081667,0,35,NA,447.55510365,1,1
"JQ1+ XRT","956","L","956:L",35,234.45168588,0,35,NA,104.202697126667,1,1
"JQ1+ XRT","972(no tag)","R","972(no tag):R",35,400.2192975,0,35,NA,533.88599832,1,1
"JQ1+ XRT","972(no tag)","L","972(no tag):L",35,75.51885888,0,35,NA,645.350384,1,1
"JQ1+ XRT","954","R","954:R",35,531.691759516667,0,35,NA,244.669696993333,1,1
"JQ1+ XRT","954","L","954:L",35,83.8358543333333,0,35,NA,896.898580693333,1,1
"JQ1+ XRT","999","R","999:R",35,427.26158352,0,35,NA,50.34590592,1,1
"JQ1+ XRT","999","L","999:L",35,40.4840634366667,0,35,NA,1422.1688,1,1
"JQ1+ XRT","847","R","847:R",35,NA,0,19,22,1020.6803145,1,1
"JQ1+ XRT","847","L","847:L",35,NA,1,19,22,418.626876586667,1,1
"JQ1+ XRT","848","R","848:R",35,NA,1,19,22,105.65027376,1,1
"JQ1+ XRT","848","L","848:L",35,NA,0,19,22,1559.76859050667,1,1
"JQ1+ XRT","996","R","996:R",35,444.62281308,0,35,NA,39.4867643733333,1,1
"JQ1+ XRT","996","L","996:L",35,21.3646662366667,0,35,NA,239.263511893333,1,1
"JQ1+ XRT","967","R","967:R",35,139.386274666667,0,35,NA,152.70590556,1,1
"JQ1+ XRT","967","L","967:L",35,59.7649681066667,0,35,NA,380.094404266667,1,1
